incident_id,camera_id,timestamp,track_id,status,threat_score,threat_level,person_name,face_recognized,face_confidence,rule7_identity_status,smart_alert_confirmed,zone_name,explainable_reason,evidence_count,evidence_id,evidence_path,phash,std_global,has_red_bbox,has_skin,skin_ratio,image_classification_hint,final_classification,notes
INC-HUMA-68E22D72,BORDER-CAM-07,2026-09-01 16:57:13.210501,TRK#1,active,85,critical,Asif,1,0.5816,,1,Webcam Global Zone,SmartAlert CONFIRMED: ByteTrack TRK#1 (person) passed 5/5 validation checks. Con,0,,,,,,,,NO_EVIDENCE,NO_EVIDENCE,
INC-HUMA-14AE4497,BORDER-CAM-07,2026-09-01 16:57:13.232595,TRK#2,active,85,critical,UNKNOWN,0,0.0,,1,Webcam Global Zone,SmartAlert CONFIRMED: ByteTrack TRK#2 (person) passed 5/5 validation checks. Con,0,,,,,,,,NO_EVIDENCE,NO_EVIDENCE,
INC-HUMA-E9E5666E,BORDER-CAM-07,2026-09-01 16:57:16.298027,TRK#9,active,85,critical,UNKNOWN,0,0.0,,1,Webcam Global Zone,SmartAlert CONFIRMED: ByteTrack TRK#9 (person) passed 5/5 validation checks. Con,0,,,,,,,,NO_EVIDENCE,NO_EVIDENCE,
INC-HUMA-1253602B,BORDER-CAM-07,2026-09-01 16:59:37.163462,TRK#1,active,85,critical,Asif,1,0.5749,,1,Webcam Global Zone,SmartAlert CONFIRMED: ByteTrack TRK#1 (person) passed 5/5 validation checks. Con,1,217594cd-a8d6-4666-96bf-84363e64ec34,E:\IBVAP\backend\storage\evidence\webcam_evidence_0f217afc.jpg,7f7f47070767031b,91.89,False,True,0.0452,GENUINE,GENUINE,
INC-HUMA-1F8B3F5F,BORDER-CAM-07,2026-09-01 17:10:45.312351,TRK#1,active,85,critical,Asif,1,0.532,,1,Webcam Global Zone,SmartAlert CONFIRMED: ByteTrack TRK#1 (person) passed 5/5 validation checks. Con,1,1ec049c4-ca1c-49f2-be2d-44e9a53f3273,E:\IBVAP\backend\storage\evidence\webcam_evidence_eade6610.jpg,bfcfd74fcf370303,86.92,False,True,0.0511,GENUINE,GENUINE,
INC-HUMA-447D6CEE,BORDER-CAM-07,2026-09-01 17:10:51.105891,TRK#49,active,77,high,UNKNOWN,0,0.0,,1,Webcam Global Zone,SmartAlert CONFIRMED: ByteTrack TRK#49 (person) passed 5/5 validation checks. Co,1,8bb18ef8-626c-4a70-a3a0-454c91f2f5fc,E:\IBVAP\backend\storage\evidence\webcam_evidence_2a80c081.jpg,f35d090302a274d4,74.19,False,True,0.0723,GENUINE,GENUINE,
INC-HUMA-3C6F6EE1,BORDER-CAM-07,2026-09-01 17:10:55.170746,TRK#61,active,81,critical,UNKNOWN,0,0.0,,1,Webcam Global Zone,SmartAlert CONFIRMED: ByteTrack TRK#61 (person) passed 5/5 validation checks. Co,0,,,,,,,,NO_EVIDENCE,NO_EVIDENCE,
INC-HUMA-7DE3F681,BORDER-CAM-07,2026-09-02 07:34:55.110976,TRK#1,active,85,critical,Asif,1,0.6587,,1,Webcam Global Zone,SmartAlert CONFIRMED: ByteTrack TRK#1 (person) passed 5/5 validation checks. Con,0,,,,,,,,NO_EVIDENCE,NO_EVIDENCE,
INC-HUMA-677FE6FE,BORDER-CAM-07,2026-09-02 07:34:55.131727,TRK#2,active,81,critical,Asif,1,0.6587,,1,Webcam Global Zone,SmartAlert CONFIRMED: ByteTrack TRK#2 (person) passed 5/5 validation checks. Con,0,,,,,,,,NO_EVIDENCE,NO_EVIDENCE,
INC-HUMA-28B2A964,SOUTH-TRENCH-10,2026-09-02 07:45:20.149565,TRK#7,active,85,critical,UNKNOWN,0,0.0,,1,Webcam Global Zone,SmartAlert CONFIRMED: ByteTrack TRK#7 (person) passed 5/5 validation checks. Con,1,1421f437-4acf-4cdf-a87e-edccf1472d11,E:\IBVAP\backend\storage\evidence\webcam_evidence_6d563df4.jpg,fc7f3ff3f7b61020,73.74,False,True,0.0591,GENUINE,GENUINE,
INC-HUMA-182222B0,BORDER-CAM-07,2026-09-02 08:02:33.739127,TRK#3,active,85,critical,UNKNOWN,0,0.0,,1,Webcam Global Zone,SmartAlert CONFIRMED: ByteTrack TRK#3 (person) passed 5/5 validation checks. Con,1,996c970d-b50b-4aa2-b403-744305e21f53,E:\IBVAP\backend\storage\evidence\webcam_evidence_9b015d6a.jpg,fc6f77353f372302,78.46,True,True,0.0546,GENUINE,GENUINE,
INC-HUMA-F31779E6,BORDER-CAM-07,2026-09-02 08:05:21.007169,TRK#2,active,78,high,UNKNOWN,0,0.0,,1,Webcam Global Zone,SmartAlert CONFIRMED: ByteTrack TRK#2 (person) passed 5/5 validation checks. Con,1,5d4ebc6a-9149-4bdc-a225-8d9620f667a0,E:\IBVAP\backend\storage\evidence\webcam_evidence_9ee5cced.jpg,30f0e0fcf4b08000,83.69,True,True,0.0638,GENUINE,GENUINE,
INC-HUMA-15DFA602,BORDER-CAM-07,2026-09-02 08:31:34.881045,TRK#128,active,85,critical,UNKNOWN,0,0.0,,1,Webcam Global Zone,SmartAlert CONFIRMED: ByteTrack TRK#128 (person) passed 5/5 validation checks. C,1,82b39eff-4c9a-4cc3-98ee-2741f3bf16fb,E:\IBVAP\backend\storage\evidence\webcam_evidence_6bdc9b8e.jpg,3cf6e6f676764241,83.8,True,True,0.1029,GENUINE,GENUINE,
INC-HUMA-A58664FE,BORDER-CAM-07,2026-09-02 08:31:35.222348,TRK#131,active,85,critical,UNKNOWN,0,0.0,,1,Webcam Global Zone,SmartAlert CONFIRMED: ByteTrack TRK#131 (person) passed 5/5 validation checks. C,0,,,,,,,,NO_EVIDENCE,NO_EVIDENCE,
INC-HUMA-B69B423B,BORDER-CAM-07,2026-09-02 08:31:36.932328,TRK#1,active,85,critical,UNKNOWN,0,0.0,,1,Webcam Global Zone,SmartAlert CONFIRMED: ByteTrack TRK#1 (person) passed 5/5 validation checks. Con,1,389cd384-8501-4a67-9d31-e02e90d11719,E:\IBVAP\backend\storage\evidence\webcam_evidence_72f201b8.jpg,fcdf7e0676744603,81.66,True,True,0.085,GENUINE,GENUINE,
INC-HUMA-67A03AB6,BORDER-CAM-07,2026-09-02 08:31:41.315167,TRK#132,active,85,critical,UNKNOWN,0,0.0,,1,Webcam Global Zone,SmartAlert CONFIRMED: ByteTrack TRK#132 (person) passed 5/5 validation checks. C,1,5652829e-2efb-414b-b62c-dec4a417fac1,E:\IBVAP\backend\storage\evidence\webcam_evidence_fb10c696.jpg,f7fffbf1c1505000,82.11,True,True,0.0633,GENUINE,GENUINE,
INC-HUMA-E698F966,BORDER-CAM-07,2026-09-02 08:31:45.658071,TRK#137,active,85,critical,UNKNOWN,0,0.0,,1,Webcam Global Zone,SmartAlert CONFIRMED: ByteTrack TRK#137 (person) passed 5/5 validation checks. C,1,fe47f1a1-2fa7-4629-b4f1-9a8450ae1aac,E:\IBVAP\backend\storage\evidence\webcam_evidence_71ac7c0c.jpg,9fff770737170300,77.43,True,True,0.0745,GENUINE,GENUINE,
INC-HUMA-B6CF3BB0,BORDER-CAM-07,2026-09-02 08:31:46.581864,TRK#141,active,84,critical,UNKNOWN,0,0.0,,1,Webcam Global Zone,SmartAlert CONFIRMED: ByteTrack TRK#141 (person) passed 5/5 validation checks. C,1,eb1149fc-e50f-4d20-b77a-4511f6c43cec,E:\IBVAP\backend\storage\evidence\webcam_evidence_9c4a9776.jpg,7fdf370707260640,76.63,True,True,0.0684,GENUINE,GENUINE,
INC-HUMA-F8189BA0,BORDER-CAM-07,2026-09-02 08:31:52.887837,TRK#146,active,85,critical,UNKNOWN,0,0.0,,1,Webcam Global Zone,SmartAlert CONFIRMED: ByteTrack TRK#146 (person) passed 5/5 validation checks. C,1,01dbba90-fcf5-490a-ae46-d1a95b93b1d0,E:\IBVAP\backend\storage\evidence\webcam_evidence_46b1c7e1.jpg,57f727bf52011a21,67.82,True,True,0.0744,GENUINE,GENUINE,
INC-HUMA-B8E51806,BORDER-CAM-07,2026-09-02 08:32:21.472816,TRK#197,active,85,critical,UNKNOWN,0,0.0,,1,Webcam Global Zone,SmartAlert CONFIRMED: ByteTrack TRK#197 (person) passed 5/5 validation checks. C,1,d610e983-ab0d-42bd-a490-9b9ce2d43c95,E:\IBVAP\backend\storage\evidence\webcam_evidence_80bca014.jpg,bffdfd4d058080c0,79.66,True,True,0.0663,GENUINE,GENUINE,
INC-HUMA-D12631EA,BORDER-CAM-07,2026-09-02 11:27:47.367837,TRK#5,active,85,critical,UNKNOWN,0,0.0,PASSED,1,Webcam Global Zone,SmartAlert CONFIRMED: ByteTrack TRK#5 (person) passed all validation gates. Conf,1,03f70f88-71ae-47fb-a18e-89d09a70a01d,E:\IBVAP\backend\storage\evidence\webcam_evidence_7cb87014.jpg,fff2f2f0f0e0fc1a,82.74,False,True,0.0342,GENUINE,GENUINE,
INC-HUMA-C4CA8D5F,BORDER-CAM-07,2026-09-02 11:27:51.319848,TRK#3,active,85,critical,UNKNOWN,0,0.0,PASSED,1,Webcam Global Zone,SmartAlert CONFIRMED: ByteTrack TRK#3 (person) passed all validation gates. Conf,1,806b5a05-7c78-4be2-b42c-e742a1902e2a,E:\IBVAP\backend\storage\evidence\webcam_evidence_4a0c533b.jpg,fffcf6f6f4e4d800,93.03,False,True,0.0573,GENUINE,GENUINE,
INC-HUMA-C04D3E48,BORDER-CAM-07,2026-09-02 11:27:57.102568,TRK#20,active,85,critical,UNKNOWN,0,0.0,PASSED,1,Webcam Global Zone,SmartAlert CONFIRMED: ByteTrack TRK#20 (person) passed all validation gates. Con,1,891ba11f-c26b-4121-b788-48ba7beb49b6,E:\IBVAP\backend\storage\evidence\webcam_evidence_435d1cde.jpg,7f7b3b7b7a32380c,87.59,False,True,0.0634,GENUINE,GENUINE,
INC-HUMA-A9B4670E,BORDER-CAM-07,2026-09-02 11:28:05.960219,TRK#28,active,85,critical,UNKNOWN,0,0.0,PASSED,1,Webcam Global Zone,SmartAlert CONFIRMED: ByteTrack TRK#28 (person) passed all validation gates. Con,1,c0104d66-0f4d-4829-9a3c-1b780027b902,E:\IBVAP\backend\storage\evidence\webcam_evidence_2188779a.jpg,fb333b333713100d,95.01,False,True,0.0439,GENUINE,GENUINE,
INC-HUMA-551EF1CA,BORDER-CAM-07,2026-09-02 11:29:45.400888,TRK#73,active,85,critical,UNKNOWN,0,0.0,PASSED,1,Webcam Global Zone,SmartAlert CONFIRMED: ByteTrack TRK#73 (person) passed all validation gates. Con,1,efc42a21-fd25-49a5-9073-e9afe0239b44,E:\IBVAP\backend\storage\evidence\webcam_evidence_eb1cb048.jpg,ecfdccdc5c880003,99.71,True,True,0.0349,GENUINE,GENUINE,
INC-HUMA-03959DE3,BORDER-CAM-07,2026-09-02 11:29:46.073679,TRK#28,active,85,critical,UNKNOWN,0,0.0,PASSED,1,Webcam Global Zone,SmartAlert CONFIRMED: ByteTrack TRK#28 (person) passed all validation gates. Con,1,22a58c79-5a26-47b3-94f7-07d8da89e15c,E:\IBVAP\backend\storage\evidence\webcam_evidence_4603f4e9.jpg,f77f67671f260002,105.04,True,True,0.0351,GENUINE,GENUINE,
INC-HUMA-D38C31E4,BORDER-CAM-07,2026-09-02 11:29:50.523103,TRK#84,active,85,critical,UNKNOWN,0,0.0,PASSED,1,Webcam Global Zone,SmartAlert CONFIRMED: ByteTrack TRK#84 (person) passed all validation gates. Con,1,7c0ab0d2-dcec-47b0-b6f6-0485f80ff84d,E:\IBVAP\backend\storage\evidence\webcam_evidence_98d7beb4.jpg,fe5ee62627070200,99.92,True,True,0.0687,GENUINE,GENUINE,
INC-HUMA-DB3683F9,BORDER-CAM-07,2026-09-02 11:30:04.290528,TRK#86,active,85,critical,UNKNOWN,0,0.0,PASSED,1,Webcam Global Zone,SmartAlert CONFIRMED: ByteTrack TRK#86 (person) passed all validation gates. Con,1,78a816a3-c58e-48b3-b1d7-a683aead7ea0,E:\IBVAP\backend\storage\evidence\webcam_evidence_e9c88db8.jpg,f3f7f3f3f3617104,83.97,True,True,0.0413,GENUINE,GENUINE,
INC-HUMA-59C61A16,BORDER-CAM-07,2026-09-02 11:34:17.886720,TRK#73,active,85,critical,UNKNOWN,0,0.0,PASSED,1,Webcam Global Zone,SmartAlert CONFIRMED: ByteTrack TRK#73 (person) passed all validation gates. Con,1,c2b23f55-d730-4ae6-ae1c-612140a5c3ca,E:\IBVAP\backend\storage\evidence\webcam_evidence_655b227f.jpg,def3b737b2120204,92.96,False,True,0.021,GENUINE,GENUINE,
INC-HUMA-3158F5DC,BORDER-CAM-07,2026-09-02 11:34:23.838697,TRK#103,active,85,critical,UNKNOWN,0,0.0,PASSED,1,Webcam Global Zone,SmartAlert CONFIRMED: ByteTrack TRK#103 (person) passed all validation gates. Co,1,dc7166f3-7059-4d45-9195-b83fb6e525c4,E:\IBVAP\backend\storage\evidence\webcam_evidence_b2a52f0e.jpg,fe66666656260c18,91.77,True,True,0.0648,GENUINE,GENUINE,
INC-HUMA-6B267912,BORDER-CAM-07,2026-09-02 13:35:07.122157,TRK#1,active,85,critical,UNKNOWN,0,0.0,PASSED,1,Webcam Global Zone,SmartAlert CONFIRMED: ByteTrack TRK#1 (person) passed all validation gates. Conf,0,,,,,,,,NO_EVIDENCE,NO_EVIDENCE,
INC-HUMA-9B94C8AC,BORDER-CAM-07,2026-09-02 13:38:17.723990,TRK#1,active,85,critical,UNKNOWN,0,0.0,PASSED,1,Webcam Global Zone,SmartAlert CONFIRMED: ByteTrack TRK#1 (person) passed all validation gates. Conf,0,,,,,,,,NO_EVIDENCE,NO_EVIDENCE,
INC-HUMA-F48FE772,BORDER-CAM-07,2026-09-02 13:51:50.267851,TRK#1,active,85,critical,UNKNOWN,0,0.0,PASSED,1,Webcam Global Zone,SmartAlert CONFIRMED: ByteTrack TRK#1 (person) passed all validation gates. Conf,0,,,,,,,,NO_EVIDENCE,NO_EVIDENCE,
INC-HUMA-60AD6A84,BORDER-CAM-07,2026-09-02 14:10:53.924371,TRK#1,active,85,critical,UNKNOWN,0,0.0,PASSED,1,Webcam Global Zone,SmartAlert CONFIRMED: ByteTrack TRK#1 (person) passed all validation gates. Conf,0,,,,,,,,NO_EVIDENCE,NO_EVIDENCE,
INC-HUMA-200C8ED8,BORDER-CAM-07,2026-09-02 14:15:19.498592,TRK#2,active,85,critical,UNKNOWN,0,0.0,PASSED,1,Webcam Global Zone,SmartAlert CONFIRMED: ByteTrack TRK#2 (person) passed all validation gates. Conf,0,,,,,,,,NO_EVIDENCE,NO_EVIDENCE,
INC-HUMA-E8B7E40F,BORDER-CAM-07,2026-09-02 14:25:47.228434,TRK#1,active,85,critical,UNKNOWN,0,0.0,PASSED,1,Webcam Global Zone,SmartAlert CONFIRMED: ByteTrack TRK#1 (person) passed all validation gates. Conf,0,,,,,,,,NO_EVIDENCE,NO_EVIDENCE,
INC-HUMA-2B924DC7,BORDER-CAM-07,2026-09-02 14:56:10.822409,TRK#1,active,85,critical,UNKNOWN,0,0.0,PASSED,1,Webcam Global Zone,SmartAlert CONFIRMED: ByteTrack TRK#1 (person) passed all validation gates. Conf,0,,,,,,,,NO_EVIDENCE,NO_EVIDENCE,
INC-HUMA-528F393E,BORDER-CAM-07,2026-09-02 15:08:01.512158,TRK#1,active,85,critical,UNKNOWN,0,0.0,PASSED,1,Webcam Global Zone,SmartAlert CONFIRMED: ByteTrack TRK#1 (person) passed all validation gates. Conf,0,,,,,,,,NO_EVIDENCE,NO_EVIDENCE,
INC-HUMA-AAF7AEEA,BORDER-CAM-07,2026-09-02 15:09:38.092093,TRK#1052,active,85,critical,UNKNOWN,0,0.0,PASSED,1,Webcam Global Zone,SmartAlert CONFIRMED: ByteTrack TRK#1052 (person) passed all validation gates. C,0,,,,,,,,NO_EVIDENCE,NO_EVIDENCE,
INC-HUMA-CD04C0DC,BORDER-CAM-07,2026-09-02 15:16:05.395733,TRK#1279,active,85,critical,UNKNOWN,0,0.0,PASSED,1,Webcam Global Zone,SmartAlert CONFIRMED: ByteTrack TRK#1279 (person) passed all validation gates. C,0,,,,,,,,NO_EVIDENCE,NO_EVIDENCE,
INC-HUMA-EC12378B,BORDER-CAM-07,2026-09-02 15:17:31.427819,TRK#1,active,85,critical,UNKNOWN,0,0.0,PASSED,1,Webcam Global Zone,SmartAlert CONFIRMED: ByteTrack TRK#1 (person) passed all validation gates. Conf,0,,,,,,,,NO_EVIDENCE,NO_EVIDENCE,
INC-HUMA-6849E641,BORDER-CAM-07,2026-09-02 15:33:45.743211,TRK#2,active,85,critical,UNKNOWN,0,0.0,PASSED,1,Webcam Global Zone,SmartAlert CONFIRMED: ByteTrack TRK#2 (person) passed all validation gates. Conf,0,,,,,,,,NO_EVIDENCE,NO_EVIDENCE,
INC-HUMA-4A092DD1,BORDER-CAM-07,2026-09-02 15:34:46.312245,TRK#2,active,85,critical,UNKNOWN,0,0.0,PASSED,1,Webcam Global Zone,SmartAlert CONFIRMED: ByteTrack TRK#2 (person) passed all validation gates. Conf,0,,,,,,,,NO_EVIDENCE,NO_EVIDENCE,
INC-HUMA-452D97D6,BORDER-CAM-07,2026-09-02 15:38:14.953825,TRK#121,active,85,critical,UNKNOWN,0,0.0,PASSED,1,Webcam Global Zone,SmartAlert CONFIRMED: ByteTrack TRK#121 (person) passed all validation gates. Co,0,,,,,,,,NO_EVIDENCE,NO_EVIDENCE,
INC-HUMA-03A30C07,BORDER-CAM-07,2026-09-02 15:39:49.244377,TRK#121,active,85,critical,UNKNOWN,0,0.0,PASSED,1,Webcam Global Zone,SmartAlert CONFIRMED: ByteTrack TRK#121 (person) passed all validation gates. Co,0,,,,,,,,NO_EVIDENCE,NO_EVIDENCE,
INC-HUMA-F928CE76,BORDER-CAM-07,2026-09-02 15:48:26.005022,TRK#1008,active,85,critical,UNKNOWN,0,0.0,PASSED,1,Webcam Global Zone,SmartAlert CONFIRMED: ByteTrack TRK#1008 (person) passed all validation gates. C,0,,,,,,,,NO_EVIDENCE,NO_EVIDENCE,
INC-HUMA-721F790E,BORDER-CAM-07,2026-09-02 15:48:26.039793,TRK#1181,active,85,critical,UNKNOWN,0,0.0,PASSED,1,Webcam Global Zone,SmartAlert CONFIRMED: ByteTrack TRK#1181 (person) passed all validation gates. C,0,,,,,,,,NO_EVIDENCE,NO_EVIDENCE,
INC-HUMA-1673E51F,BORDER-CAM-07,2026-09-02 15:58:13.942514,TRK#1360,active,85,critical,UNKNOWN,0,0.0,PASSED,1,Webcam Global Zone,SmartAlert CONFIRMED: ByteTrack TRK#1360 (person) passed all validation gates. C,0,,,,,,,,NO_EVIDENCE,NO_EVIDENCE,
INC-HUMA-2A8858F9,BORDER-CAM-07,2026-09-02 15:59:34.523327,TRK#1360,active,85,critical,UNKNOWN,0,0.0,PASSED,1,Webcam Global Zone,SmartAlert CONFIRMED: ByteTrack TRK#1360 (person) passed all validation gates. C,0,,,,,,,,NO_EVIDENCE,NO_EVIDENCE,
INC-HUMA-184090BB,BORDER-CAM-07,2026-09-02 16:00:55.873589,TRK#1360,active,85,critical,UNKNOWN,0,0.0,PASSED,1,Webcam Global Zone,SmartAlert CONFIRMED: ByteTrack TRK#1360 (person) passed all validation gates. C,0,,,,,,,,NO_EVIDENCE,NO_EVIDENCE,
INC-HUMA-E8EA4563,BORDER-CAM-07,2026-09-02 16:04:49.702308,TRK#1722,active,85,critical,UNKNOWN,0,0.0,PASSED,1,Webcam Global Zone,SmartAlert CONFIRMED: ByteTrack TRK#1722 (person) passed all validation gates. C,0,,,,,,,,NO_EVIDENCE,NO_EVIDENCE,
INC-HUMA-C8B03BEF,BORDER-CAM-07,2026-09-02 16:14:28.494137,TRK#2067,active,85,critical,UNKNOWN,0,0.0,PASSED,1,Webcam Global Zone,SmartAlert CONFIRMED: ByteTrack TRK#2067 (person) passed all validation gates. C,0,,,,,,,,NO_EVIDENCE,NO_EVIDENCE,
INC-HUMA-1159D555,BORDER-CAM-07,2026-09-02 16:20:53.920301,TRK#2944,active,85,critical,UNKNOWN,0,0.0,PASSED,1,Webcam Global Zone,SmartAlert CONFIRMED: ByteTrack TRK#2944 (person) passed all validation gates. C,0,,,,,,,,NO_EVIDENCE,NO_EVIDENCE,
INC-HUMA-0CA72267,BORDER-CAM-07,2026-09-02 16:22:54.974724,TRK#3011,active,85,critical,UNKNOWN,0,0.0,PASSED,1,Webcam Global Zone,SmartAlert CONFIRMED: ByteTrack TRK#3011 (person) passed all validation gates. C,0,,,,,,,,NO_EVIDENCE,NO_EVIDENCE,
INC-HUMA-E023A5AE,BORDER-CAM-07,2026-09-02 16:27:20.203212,TRK#3389,active,85,critical,UNKNOWN,0,0.0,PASSED,1,Webcam Global Zone,SmartAlert CONFIRMED: ByteTrack TRK#3389 (person) passed all validation gates. C,0,,,,,,,,NO_EVIDENCE,NO_EVIDENCE,
INC-HUMA-103C31FD,BORDER-CAM-07,2026-09-02 16:33:18.924178,TRK#4696,active,85,critical,UNKNOWN,0,0.0,PASSED,1,Webcam Global Zone,SmartAlert CONFIRMED: ByteTrack TRK#4696 (person) passed all validation gates. C,0,,,,,,,,NO_EVIDENCE,NO_EVIDENCE,
INC-HUMA-7A4918BE,BORDER-CAM-07,2026-09-02 16:34:27.557692,TRK#4696,active,85,critical,UNKNOWN,0,0.0,PASSED,1,Webcam Global Zone,SmartAlert CONFIRMED: ByteTrack TRK#4696 (person) passed all validation gates. C,0,,,,,,,,NO_EVIDENCE,NO_EVIDENCE,
INC-HUMA-00D8ED54,BORDER-CAM-07,2026-09-02 16:40:30.265593,TRK#5162,active,85,critical,UNKNOWN,0,0.0,PASSED,1,Webcam Global Zone,SmartAlert CONFIRMED: ByteTrack TRK#5162 (person) passed all validation gates. C,0,,,,,,,,NO_EVIDENCE,NO_EVIDENCE,
INC-HUMA-86BC1486,BORDER-CAM-07,2026-09-02 16:46:55.414679,TRK#5843,active,85,critical,UNKNOWN,0,0.0,PASSED,1,Webcam Global Zone,SmartAlert CONFIRMED: ByteTrack TRK#5843 (person) passed all validation gates. C,0,,,,,,,,NO_EVIDENCE,NO_EVIDENCE,
INC-HUMA-397D7A5A,BORDER-CAM-07,2026-09-02 16:50:23.215843,TRK#6349,active,85,critical,UNKNOWN,0,0.0,PASSED,1,Webcam Global Zone,SmartAlert CONFIRMED: ByteTrack TRK#6349 (person) passed all validation gates. C,0,,,,,,,,NO_EVIDENCE,NO_EVIDENCE,
INC-HUMA-A05E805C,BORDER-CAM-07,2026-09-02 16:51:57.859217,TRK#6349,active,85,critical,UNKNOWN,0,0.0,PASSED,1,Webcam Global Zone,SmartAlert CONFIRMED: ByteTrack TRK#6349 (person) passed all validation gates. C,0,,,,,,,,NO_EVIDENCE,NO_EVIDENCE,
INC-HUMA-FF6FEAD0,BORDER-CAM-07,2026-09-02 16:56:31.891949,TRK#6349,active,85,critical,UNKNOWN,0,0.0,PASSED,1,Webcam Global Zone,SmartAlert CONFIRMED: ByteTrack TRK#6349 (person) passed all validation gates. C,0,,,,,,,,NO_EVIDENCE,NO_EVIDENCE,
INC-HUMA-D9C76560,BORDER-CAM-07,2026-09-02 17:00:57.208570,TRK#6349,active,85,critical,UNKNOWN,0,0.0,PASSED,1,Webcam Global Zone,SmartAlert CONFIRMED: ByteTrack TRK#6349 (person) passed all validation gates. C,0,,,,,,,,NO_EVIDENCE,NO_EVIDENCE,
INC-HUMA-9CA38010,BORDER-CAM-07,2026-09-02 17:06:37.221134,TRK#6349,active,85,critical,UNKNOWN,0,0.0,PASSED,1,Webcam Global Zone,SmartAlert CONFIRMED: ByteTrack TRK#6349 (person) passed all validation gates. C,0,,,,,,,,NO_EVIDENCE,NO_EVIDENCE,
INC-HUMA-323DE1BB,BORDER-CAM-07,2026-09-02 17:42:14.020330,TRK#34,active,85,critical,UNKNOWN,0,0.0,PASSED,1,Webcam Global Zone,SmartAlert CONFIRMED: ByteTrack TRK#34 (person) passed all validation gates. Con,0,,,,,,,,NO_EVIDENCE,NO_EVIDENCE,
INC-HUMA-3B1CF8E5,BORDER-CAM-07,2026-09-02 17:48:16.796317,TRK#34,active,85,critical,UNKNOWN,0,0.0,PASSED,1,Webcam Global Zone,SmartAlert CONFIRMED: ByteTrack TRK#34 (person) passed all validation gates. Con,0,,,,,,,,NO_EVIDENCE,NO_EVIDENCE,
INC-HUMA-2F8A0587,BORDER-CAM-07,2026-09-02 17:55:41.889238,TRK#400,active,85,critical,UNKNOWN,0,0.0,PASSED,1,Webcam Global Zone,SmartAlert CONFIRMED: ByteTrack TRK#400 (person) passed all validation gates. Co,1,65b00d4d-bb46-454c-98b0-dcd9cb7864cd,E:\IBVAP\backend\storage\evidence\webcam_evidence_86c1bc0b.jpg,7f7f570707663706,94.74,True,True,0.0252,GENUINE,GENUINE,
INC-HUMA-4F7A3949,BORDER-CAM-07,2026-09-02 17:55:44.042739,TRK#1,active,85,critical,UNKNOWN,0,0.0,PASSED,1,Webcam Global Zone,SmartAlert CONFIRMED: ByteTrack TRK#1 (person) passed all validation gates. Conf,1,7d19bb41-7054-43e7-96db-73b6ac3c5184,E:\IBVAP\backend\storage\evidence\webcam_evidence_d5f666a9.jpg,7f77470f262e261a,91.76,True,True,0.0379,GENUINE,GENUINE,
INC-HUMA-3334F27B,BORDER-CAM-07,2026-09-02 17:59:56.579654,TRK#1,active,85,critical,UNKNOWN,0,0.0,PASSED,1,Webcam Global Zone,SmartAlert CONFIRMED: ByteTrack TRK#1 (person) passed all validation gates. Conf,0,,,,,,,,NO_EVIDENCE,NO_EVIDENCE,
INC-HUMA-486D4954,BORDER-CAM-07,2026-09-02 18:20:55.907243,TRK#49,active,85,critical,UNKNOWN,0,0.0,PASSED,1,Webcam Global Zone,SmartAlert CONFIRMED: ByteTrack TRK#49 (person) passed all validation gates. Con,1,1a44c8b1-30ea-4f4e-927e-f6d82ef32879,E:\IBVAP\backend\storage\evidence\webcam_evidence_24123685.jpg,772d918193e10d0e,84.49,True,True,0.1649,GENUINE,GENUINE,
INC-HUMA-FE9229D2,BORDER-CAM-07,2026-09-02 18:21:50.244173,TRK#190,active,85,critical,UNKNOWN,0,0.0,PASSED,1,Webcam Global Zone,SmartAlert CONFIRMED: ByteTrack TRK#190 (person) passed all validation gates. Co,1,a50289bb-6524-48d7-89e3-c56ad8393de7,E:\IBVAP\backend\storage\evidence\webcam_evidence_5cd4c1eb.jpg,7f6f838787174f0f,89.24,True,True,0.0637,GENUINE,GENUINE,
INC-HUMA-8B4EEBC2,BORDER-CAM-07,2026-09-02 18:21:52.579048,TRK#2,active,85,critical,UNKNOWN,0,0.0,PASSED,1,Webcam Global Zone,SmartAlert CONFIRMED: ByteTrack TRK#2 (person) passed all validation gates. Conf,1,ed6d0cf0-5ba9-486b-8c9d-deb161083e1f,E:\IBVAP\backend\storage\evidence\webcam_evidence_debbce45.jpg,7f0f93878717473f,89.31,True,True,0.0573,GENUINE,GENUINE,
INC-HUMA-EEF119D7,BORDER-CAM-07,2026-09-02 18:21:58.866564,TRK#191,active,85,critical,UNKNOWN,0,0.0,PASSED,1,Webcam Global Zone,SmartAlert CONFIRMED: ByteTrack TRK#191 (person) passed all validation gates. Co,1,87aa95ba-2299-4dd2-a199-5b4c50155539,E:\IBVAP\backend\storage\evidence\webcam_evidence_43ff3a64.jpg,7f0f83878767570f,90.12,True,True,0.0479,GENUINE,GENUINE,
INC-HUMA-922F14CA,BORDER-CAM-07,2026-09-02 18:22:37.696220,TRK#49,active,85,critical,UNKNOWN,0,0.0,PASSED,1,Webcam Global Zone,SmartAlert CONFIRMED: ByteTrack TRK#49 (person) passed all validation gates. Con,1,c08d6d3e-2fa9-4046-b20f-b1ba77607032,E:\IBVAP\backend\storage\evidence\webcam_evidence_8490f61f.jpg,0f6723010b0f3d3f,95.51,True,True,0.0651,GENUINE,GENUINE,
INC-HUMA-C749C2D9,BORDER-CAM-07,2026-09-02 18:44:21.107823,TRK#5,active,81,critical,UNKNOWN,0,0.1774,PASSED,1,Webcam Global Zone,SmartAlert CONFIRMED: ByteTrack TRK#5 (person) passed all validation gates. Conf,1,768977d7-0a78-4f37-a9f5-e869358743b3,E:\IBVAP\backend\storage\evidence\webcam_evidence_0c23df5f.jpg,5f3797879717171f,89.42,True,True,0.0514,GENUINE,GENUINE,
INC-HUMA-2A366027,BORDER-CAM-07,2026-09-02 18:44:31.239160,TRK#25,active,84,critical,UNKNOWN,0,0.1523,PASSED,1,Webcam Global Zone,SmartAlert CONFIRMED: ByteTrack TRK#25 (person) passed all validation gates. Con,1,3040787a-81c5-4bf4-a499-a6381972003d,E:\IBVAP\backend\storage\evidence\webcam_evidence_12fb876c.jpg,5f2f879f8f070f3f,88.81,True,True,0.0609,GENUINE,GENUINE,
INC-HUMA-55F1594A,BORDER-CAM-07,2026-09-02 18:44:34.521651,TRK#3,active,76,high,UNKNOWN,0,0.1894,PASSED,1,Webcam Global Zone,SmartAlert CONFIRMED: ByteTrack TRK#3 (person) passed all validation gates. Conf,1,030527c1-f756-41fa-b8d3-221a45d605f8,E:\IBVAP\backend\storage\evidence\webcam_evidence_78022612.jpg,4f6f83878f2f3f37,86.58,True,True,0.0593,GENUINE,GENUINE,
INC-HUMA-49D973AD,BORDER-CAM-07,2026-09-02 18:46:43.627070,TRK#3,active,85,critical,UNKNOWN,0,0.2176,PASSED,1,Webcam Global Zone,SmartAlert CONFIRMED: ByteTrack TRK#3 (person) passed all validation gates. Conf,1,93956f32-2888-4f64-8118-43c42015b220,E:\IBVAP\backend\storage\evidence\webcam_evidence_016b252d.jpg,5f13c38787971717,91.13,True,True,0.049,GENUINE,GENUINE,
INC-HUMA-2AC85977,BORDER-CAM-07,2026-09-02 18:46:58.018708,TRK#2,active,78,high,UNKNOWN,0,0.2958,PASSED,1,Webcam Global Zone,SmartAlert CONFIRMED: ByteTrack TRK#2 (person) passed all validation gates. Conf,1,3dcb6d86-1572-4a65-9d20-a2d23bf69c1c,E:\IBVAP\backend\storage\evidence\webcam_evidence_30526114.jpg,5f13c38797870717,91.66,True,True,0.0625,GENUINE,GENUINE,
INC-HUMA-08FC5284,BORDER-CAM-07,2026-09-02 18:47:03.831833,TRK#39,active,85,critical,UNKNOWN,0,0.2425,PASSED,1,Webcam Global Zone,SmartAlert CONFIRMED: ByteTrack TRK#39 (person) passed all validation gates. Con,1,4401189e-3cc3-47c1-8f75-c3ce5036eb99,E:\IBVAP\backend\storage\evidence\webcam_evidence_a104ef46.jpg,7f13c3878797173f,91.44,True,True,0.0477,GENUINE,GENUINE,
INC-HUMA-11839B87,BORDER-CAM-07,2026-09-03 11:04:40.403261,TRK#102,active,85,critical,UNKNOWN,0,0.3197,PASSED,1,Webcam Global Zone,SmartAlert CONFIRMED: ByteTrack TRK#102 (person) passed all validation gates. Co,1,910b5009-7cc8-481f-a074-d7bbe170233d,E:\IBVAP\backend\storage\evidence\webcam_evidence_bd7f7369.jpg,f0e4e4f4e4e6f0f8,55.18,True,True,0.0698,GENUINE,GENUINE,
INC-HUMA-E79EBD32,BORDER-CAM-07,2026-09-03 11:43:27.284544,TRK#70,active,76,high,UNKNOWN,0,0.0292,PASSED,1,Webcam Global Zone,SmartAlert CONFIRMED: ByteTrack TRK#70 (person) passed all validation gates. Con,1,609edd62-1ec7-41cd-8f8f-f45efb7a1780,E:\IBVAP\backend\storage\evidence\webcam_evidence_ed4b7824.jpg,fefe7efef6b20000,74.58,True,True,0.08,GENUINE,GENUINE,
INC-HUMA-577261C0,BORDER-CAM-07,2026-09-03 11:44:09.340370,TRK#102,active,79,high,UNKNOWN,0,0.3296,PASSED,1,Webcam Global Zone,SmartAlert CONFIRMED: ByteTrack TRK#102 (person) passed all validation gates. Co,1,4775d98e-237e-4eaf-9c6a-df46dfb5c5bb,E:\IBVAP\backend\storage\evidence\webcam_evidence_0f78920e.jpg,fedef6f6e6e2c060,89.29,True,True,0.0428,GENUINE,GENUINE,
INC-HUMA-77981E51,SECTOR-B-CAM-03,2026-09-03 13:04:01.491650,TRK#157,active,85,critical,UNKNOWN,0,0.1356,PASSED,1,Webcam Global Zone,SmartAlert CONFIRMED: ByteTrack TRK#157 (person) passed all validation gates. Co,0,,,,,,,,NO_EVIDENCE,NO_EVIDENCE,
INC-HUMA-F9B512E0,SECTOR-B-CAM-03,2026-09-03 13:04:01.527002,TRK#158,active,85,critical,UNKNOWN,0,0.1164,PASSED,1,Webcam Global Zone,SmartAlert CONFIRMED: ByteTrack TRK#158 (person) passed all validation gates. Co,0,,,,,,,,NO_EVIDENCE,NO_EVIDENCE,
INC-HUMA-8A73F32D,BORDER-CAM-07,2026-09-03 15:32:32.596893,TRK#313,active,83,critical,UNKNOWN,0,0.1317,PASSED,1,Webcam Global Zone,SmartAlert CONFIRMED: ByteTrack TRK#313 (person) passed all validation gates. Co,1,fe41c864-fb79-4a33-a5c0-8d4805a2c976,E:\IBVAP\backend\storage\evidence\webcam_evidence_fdf1ae54.jpg,ffffff1fe7e60000,49.72,True,False,0.0064,GENUINE,GENUINE,
INC-HUMA-3D125C0A,BORDER-CAM-07,2026-09-03 15:34:22.275680,TRK#314,active,85,critical,UNKNOWN,0,0.2931,PASSED,1,Webcam Global Zone,SmartAlert CONFIRMED: ByteTrack TRK#314 (person) passed all validation gates. Co,1,842458c0-6d5e-4451-8fb9-4601e4c040ec,E:\IBVAP\backend\storage\evidence\webcam_evidence_ef12f375.jpg,ffffffe7e7c30200,65.12,True,False,0.0069,GENUINE,GENUINE,
INC-HUMA-B5528BAE,BORDER-CAM-07,2026-09-03 16:10:55.345137,TRK#9,active,85,critical,UNKNOWN,0,0.1818,PASSED,1,Webcam Global Zone,SmartAlert CONFIRMED: ByteTrack TRK#9 (person) passed all validation gates. Conf,1,2f4cc85f-ff9c-4b1b-bc21-50ba23745a6f,E:\IBVAP\backend\storage\evidence\webcam_evidence_1a21c921.jpg,0c0c0c2c0e141414,98.36,True,True,0.033,GENUINE,GENUINE,
INC-HUMA-95661E0B,BORDER-CAM-07,2026-09-03 16:11:05.247580,TRK#21,active,85,critical,UNKNOWN,0,0.1285,PASSED,1,Webcam Global Zone,SmartAlert CONFIRMED: ByteTrack TRK#21 (person) passed all validation gates. Con,1,6cb10050-89cd-427b-b507-18c3ef6423b0,E:\IBVAP\backend\storage\evidence\webcam_evidence_67dcd3e8.jpg,0c0c2c0c04363e14,95.56,True,True,0.0281,GENUINE,GENUINE,
INC-HUMA-A65BB4AF,BORDER-CAM-07,2026-09-03 16:11:24.601879,TRK#49,active,85,critical,UNKNOWN,0,0.0924,PASSED,1,Webcam Global Zone,SmartAlert CONFIRMED: ByteTrack TRK#49 (person) passed all validation gates. Con,1,4cc8c524-e812-44f7-bfcf-336aa78729e9,E:\IBVAP\backend\storage\evidence\webcam_evidence_0953609f.jpg,0c0c0c0e06161e04,96.62,True,True,0.0275,GENUINE,GENUINE,
INC-HUMA-01B91028,BORDER-CAM-07,2026-09-03 16:11:54.951747,TRK#68,active,79,high,UNKNOWN,0,0.3533,PASSED,1,Webcam Global Zone,SmartAlert CONFIRMED: ByteTrack TRK#68 (person) passed all validation gates. Con,1,e97af8b6-56e7-4f1e-bec3-96677cc1191e,E:\IBVAP\backend\storage\evidence\webcam_evidence_e0772502.jpg,0c8c0c1c14341414,96.62,True,True,0.0264,GENUINE,GENUINE,
INC-HUMA-BB11174F,BORDER-CAM-07,2026-09-03 16:11:57.707103,TRK#66,active,85,critical,UNKNOWN,0,0.0175,PASSED,1,Webcam Global Zone,SmartAlert CONFIRMED: ByteTrack TRK#66 (person) passed all validation gates. Con,1,986e775e-14c4-41e6-b657-4b5a8d7e93ae,E:\IBVAP\backend\storage\evidence\webcam_evidence_4b9ac01b.jpg,0c0c0c1c1e141014,96.04,True,True,0.0267,GENUINE,GENUINE,
INC-HUMA-F5505293,BORDER-CAM-07,2026-09-03 16:12:13.548066,TRK#83,active,80,critical,UNKNOWN,0,0.0872,PASSED,1,Webcam Global Zone,SmartAlert CONFIRMED: ByteTrack TRK#83 (person) passed all validation gates. Con,1,7ea2039c-d3b7-4a12-89a0-c50fc728a347,E:\IBVAP\backend\storage\evidence\webcam_evidence_783e7da8.jpg,0c0c0c0c06161e14,95.76,True,True,0.0291,GENUINE,GENUINE,
INC-HUMA-E210542B,BORDER-CAM-07,2026-09-03 16:17:00.499233,TRK#68,active,85,critical,UNKNOWN,0,0.2608,PASSED,1,Webcam Global Zone,SmartAlert CONFIRMED: ByteTrack TRK#68 (person) passed all validation gates. Con,1,e852bea4-880a-4f9e-a61f-983d064abc24,E:\IBVAP\backend\storage\evidence\webcam_evidence_c1af47a3.jpg,dff7f7f7f762e200,53.78,True,True,0.1453,GENUINE,GENUINE,
INC-HUMA-2857DC4F,BORDER-CAM-07,2026-09-03 16:18:00.586153,TRK#68,active,85,critical,UNKNOWN,0,0.2475,PASSED,1,Webcam Global Zone,SmartAlert CONFIRMED: ByteTrack TRK#68 (person) passed all validation gates. Con,1,8e0236cc-4b61-42fd-b752-72969633ca5c,E:\IBVAP\backend\storage\evidence\webcam_evidence_03fab7be.jpg,ffffecece8edc502,78.62,True,True,0.0199,GENUINE,GENUINE,
INC-HUMA-AF60CFB3,BORDER-CAM-07,2026-09-03 16:18:56.362187,TRK#160,active,85,critical,UNKNOWN,0,0.0922,PASSED,1,Webcam Global Zone,SmartAlert CONFIRMED: ByteTrack TRK#160 (person) passed all validation gates. Co,1,cbb1f1b6-d818-47d3-ad8d-bd4ede8f6c56,E:\IBVAP\backend\storage\evidence\webcam_evidence_9bc5399d.jpg,ffdfe7e7d7c7c302,74.06,True,True,0.0144,GENUINE,GENUINE,
INC-HUMA-F9E47F7C,SECTOR-B-CAM-03,2026-09-03 16:40:06.242846,TRK#202,active,85,critical,UNKNOWN,0,0.1308,PASSED,1,Webcam Global Zone,SmartAlert CONFIRMED: ByteTrack TRK#202 (person) passed all validation gates. Co,0,,,,,,,,NO_EVIDENCE,NO_EVIDENCE,
INC-HUMA-FEBC4103,SECTOR-B-CAM-03,2026-09-03 16:40:41.095907,TRK#298,active,85,critical,UNKNOWN,0,0.2195,PASSED,1,Webcam Global Zone,SmartAlert CONFIRMED: ByteTrack TRK#298 (person) passed all validation gates. Co,0,,,,,,,,NO_EVIDENCE,NO_EVIDENCE,
INC-HUMA-14D1E561,SECTOR-B-CAM-03,2026-09-03 16:41:05.233034,TRK#480,active,85,critical,UNKNOWN,0,0.1739,PASSED,1,Webcam Global Zone,SmartAlert CONFIRMED: ByteTrack TRK#480 (person) passed all validation gates. Co,0,,,,,,,,NO_EVIDENCE,NO_EVIDENCE,
INC-HUMA-FF754AA6,SECTOR-B-CAM-03,2026-09-03 16:44:51.578943,TRK#480,active,85,critical,UNKNOWN,0,0.2711,PASSED,1,Webcam Global Zone,SmartAlert CONFIRMED: ByteTrack TRK#480 (person) passed all validation gates. Co,0,,,,,,,,NO_EVIDENCE,NO_EVIDENCE,
INC-HUMA-D9E2DD6C,SECTOR-B-CAM-03,2026-09-03 16:45:18.150908,TRK#593,active,85,critical,UNKNOWN,0,0.1212,PASSED,1,Webcam Global Zone,SmartAlert CONFIRMED: ByteTrack TRK#593 (person) passed all validation gates. Co,0,,,,,,,,NO_EVIDENCE,NO_EVIDENCE,
INC-HUMA-F0552AEB,SECTOR-B-CAM-03,2026-09-03 16:46:13.757438,TRK#760,active,85,critical,UNKNOWN,0,0.1999,PASSED,1,Webcam Global Zone,SmartAlert CONFIRMED: ByteTrack TRK#760 (person) passed all validation gates. Co,0,,,,,,,,NO_EVIDENCE,NO_EVIDENCE,
INC-HUMA-3A0C5C93,SECTOR-B-CAM-03,2026-09-03 16:46:32.556617,TRK#823,active,85,critical,UNKNOWN,0,0.2632,PASSED,1,Webcam Global Zone,SmartAlert CONFIRMED: ByteTrack TRK#823 (person) passed all validation gates. Co,0,,,,,,,,NO_EVIDENCE,NO_EVIDENCE,
INC-HUMA-60F97054,SECTOR-B-CAM-03,2026-09-03 16:54:29.491344,TRK#855,active,85,critical,UNKNOWN,0,0.279,PASSED,1,Webcam Global Zone,SmartAlert CONFIRMED: ByteTrack TRK#855 (person) passed all validation gates. Co,0,,,,,,,,NO_EVIDENCE,NO_EVIDENCE,
INC-HUMA-13B8F989,SECTOR-B-CAM-03,2026-09-03 16:54:48.641476,TRK#923,active,84,critical,UNKNOWN,0,0.1389,PASSED,1,Webcam Global Zone,SmartAlert CONFIRMED: ByteTrack TRK#923 (person) passed all validation gates. Co,0,,,,,,,,NO_EVIDENCE,NO_EVIDENCE,
INC-HUMA-5E94DC06,SECTOR-B-CAM-03,2026-09-03 16:54:59.851641,TRK#933,active,85,critical,UNKNOWN,0,0.1826,PASSED,1,Webcam Global Zone,SmartAlert CONFIRMED: ByteTrack TRK#933 (person) passed all validation gates. Co,0,,,,,,,,NO_EVIDENCE,NO_EVIDENCE,
INC-HUMA-6D63F0E0,SOUTH-TRENCH-10,2026-09-03 17:15:02.740947,TRK#11,active,85,critical,UNKNOWN,0,0.0215,PASSED,1,Webcam Global Zone,SmartAlert CONFIRMED: ByteTrack TRK#11 (person) passed all validation gates. Con,0,,,,,,,,NO_EVIDENCE,NO_EVIDENCE,
INC-HUMA-19546DB3,SOUTH-TRENCH-10,2026-09-03 17:15:02.771148,TRK#12,active,77,high,UNKNOWN,0,0.1416,PASSED,1,Webcam Global Zone,SmartAlert CONFIRMED: ByteTrack TRK#12 (person) passed all validation gates. Con,0,,,,,,,,NO_EVIDENCE,NO_EVIDENCE,
INC-HUMA-60940A0E,SOUTH-TRENCH-10,2026-09-03 17:15:04.270848,TRK#14,active,77,high,UNKNOWN,0,0.1176,PASSED,1,Webcam Global Zone,SmartAlert CONFIRMED: ByteTrack TRK#14 (person) passed all validation gates. Con,0,,,,,,,,NO_EVIDENCE,NO_EVIDENCE,
INC-HUMA-0656E7FC,SOUTH-TRENCH-10,2026-09-03 17:15:04.297431,TRK#20,active,85,critical,UNKNOWN,0,0.056,PASSED,1,Webcam Global Zone,SmartAlert CONFIRMED: ByteTrack TRK#20 (person) passed all validation gates. Con,0,,,,,,,,NO_EVIDENCE,NO_EVIDENCE,
INC-HUMA-51620470,SOUTH-TRENCH-10,2026-09-03 17:15:17.687457,TRK#38,active,77,high,UNKNOWN,0,0.2248,PASSED,1,Webcam Global Zone,SmartAlert CONFIRMED: ByteTrack TRK#38 (person) passed all validation gates. Con,0,,,,,,,,NO_EVIDENCE,NO_EVIDENCE,
INC-HUMA-4EFC1D67,SOUTH-TRENCH-10,2026-09-03 17:15:19.238402,TRK#33,active,76,high,UNKNOWN,0,0.1123,PASSED,1,Webcam Global Zone,SmartAlert CONFIRMED: ByteTrack TRK#33 (person) passed all validation gates. Con,0,,,,,,,,NO_EVIDENCE,NO_EVIDENCE,
INC-HUMA-9403F045,SOUTH-TRENCH-10,2026-09-03 17:15:22.193693,TRK#42,active,85,critical,UNKNOWN,0,0.1546,PASSED,1,Webcam Global Zone,SmartAlert CONFIRMED: ByteTrack TRK#42 (person) passed all validation gates. Con,0,,,,,,,,NO_EVIDENCE,NO_EVIDENCE,
INC-HUMA-2AD2B86A,SOUTH-TRENCH-10,2026-09-03 17:15:38.756141,TRK#81,active,77,high,UNKNOWN,0,0.0678,PASSED,1,Webcam Global Zone,SmartAlert CONFIRMED: ByteTrack TRK#81 (person) passed all validation gates. Con,0,,,,,,,,NO_EVIDENCE,NO_EVIDENCE,
INC-HUMA-B83819C0,SOUTH-TRENCH-10,2026-09-03 17:15:41.787171,TRK#102,active,80,critical,UNKNOWN,0,0.0758,PASSED,1,Webcam Global Zone,SmartAlert CONFIRMED: ByteTrack TRK#102 (person) passed all validation gates. Co,0,,,,,,,,NO_EVIDENCE,NO_EVIDENCE,
INC-HUMA-A88340A6,SOUTH-TRENCH-10,2026-09-03 17:15:47.665853,TRK#130,active,79,high,UNKNOWN,0,0.0431,PASSED,1,Webcam Global Zone,SmartAlert CONFIRMED: ByteTrack TRK#130 (person) passed all validation gates. Co,0,,,,,,,,NO_EVIDENCE,NO_EVIDENCE,
INC-HUMA-17D80063,SOUTH-TRENCH-10,2026-09-03 17:29:03.667295,TRK#143,active,85,critical,UNKNOWN,0,0.0888,PASSED,1,Webcam Global Zone,SmartAlert CONFIRMED: ByteTrack TRK#143 (person) passed all validation gates. Co,0,,,,,,,,NO_EVIDENCE,NO_EVIDENCE,
INC-HUMA-07E77477,SOUTH-TRENCH-10,2026-09-03 18:20:51.555270,TRK#23,active,85,critical,UNKNOWN,0,0.0968,PASSED,1,Webcam Global Zone,SmartAlert CONFIRMED: ByteTrack TRK#23 (person) passed all validation gates. Con,0,,,,,,,,NO_EVIDENCE,NO_EVIDENCE,
INC-HUMA-EB7325B8,SOUTH-TRENCH-10,2026-09-03 18:20:51.825771,TRK#25,active,77,high,UNKNOWN,0,0.1282,PASSED,1,Webcam Global Zone,SmartAlert CONFIRMED: ByteTrack TRK#25 (person) passed all validation gates. Con,0,,,,,,,,NO_EVIDENCE,NO_EVIDENCE,
INC-HUMA-E86543ED,SOUTH-TRENCH-10,2026-09-03 18:20:53.195148,TRK#32,active,85,critical,UNKNOWN,0,0.1581,PASSED,1,Webcam Global Zone,SmartAlert CONFIRMED: ByteTrack TRK#32 (person) passed all validation gates. Con,0,,,,,,,,NO_EVIDENCE,NO_EVIDENCE,
INC-HUMA-C895AC63,SOUTH-TRENCH-10,2026-09-03 18:20:56.158466,TRK#26,active,79,high,UNKNOWN,0,0.0934,PASSED,1,Webcam Global Zone,SmartAlert CONFIRMED: ByteTrack TRK#26 (person) passed all validation gates. Con,0,,,,,,,,NO_EVIDENCE,NO_EVIDENCE,
INC-HUMA-DFE0B234,SOUTH-TRENCH-10,2026-09-03 18:21:06.488150,TRK#49,active,78,high,UNKNOWN,0,0.1521,PASSED,1,Webcam Global Zone,SmartAlert CONFIRMED: ByteTrack TRK#49 (person) passed all validation gates. Con,0,,,,,,,,NO_EVIDENCE,NO_EVIDENCE,
INC-HUMA-40FE195C,BORDER-CAM-07,2026-09-04 04:58:21.949841,TRK#51,active,100,critical,UNKNOWN,0,0.3476,PASSED,1,Webcam Global Zone,SmartAlert CONFIRMED: ByteTrack TRK#51 (person) passed all validation gates. Con,1,9a026c81-eea0-487d-8e99-83ce8c30b059,E:\IBVAP\backend\storage\evidence\webcam_evidence_28587a59.jpg,fefef6f4f4f0c0c0,69.73,True,True,0.0112,GENUINE,GENUINE,
INC-HUMA-44BF55FD,BORDER-CAM-07,2026-09-04 05:19:51.410938,TRK#52,active,100,critical,UNKNOWN,0,0.243,PASSED,1,Webcam Global Zone,SmartAlert CONFIRMED: ByteTrack TRK#52 (person) passed all validation gates. Con,1,87da5621-0234-4530-bd9e-d82590dc2ad7,E:\IBVAP\backend\storage\evidence\webcam_evidence_9c9d3630.jpg,fffbf9f9b8383838,84.14,True,True,0.0463,GENUINE,GENUINE,
